January,February,March,April,May,June,July,August,September,October,November,December
1.058346164,0.965195244,1.076612452,0.951469179,0.973433803,0.949225724,0.967038419,0.983156517,0.948731157,0.969398874,1.0397021,1.087769921
