January,February,March,April,May,June,July,August,September,October,November,December
1.9581845489250396,1.7479826818918998,1.8910064168784508,1.7345228975629832,1.8322315696809963,1.8444496694879826,1.8937064380010806,1.9287950447192863,1.8084474142009253,1.8824757600389244,1.8761270036314335,1.8362874665588653
