,Pearson,Spearman
PV,0.6505830820293256,0.7626628881741242
BESS,0.8297872004890561,0.895026336205977
EV,0.9537969117510242,0.9585794248956014
HP,0.9328643331283647,0.9275383421849603
