,PV_capacity,BESS_capacity,EV_capacity,HP_capacity
PV_capacity,1.0,0.7828737860536216,0.6282053481874307,0.7384012808870689
BESS_capacity,0.7828737860536216,1.0,0.8012369776492707,0.9424437715982407
EV_capacity,0.6282053481874307,0.8012369776492707,1.0,0.9291455041508934
HP_capacity,0.7384012808870689,0.9424437715982407,0.9291455041508934,1.0
