,PV_capacity,BESS_capacity,EV_capacity,HP_capacity
PV_capacity,1.0,0.8148889821935188,0.7563831821045364,0.7995316657843569
BESS_capacity,0.8148889821935188,1.0,0.8953348825341703,0.9834516605445244
EV_capacity,0.7563831821045364,0.8953348825341703,1.0,0.9137668956662351
HP_capacity,0.7995316657843569,0.9834516605445244,0.9137668956662351,1.0
