MV_osmid,HBLD_kW/K,CBLD_MWh/K,PRT_MW,GEBF_m2,GAREA_m2,T_PROFILE
15,21.227992258839098,1.6823055555555557,0.5453107707232356,14165.0,5253.0,MVE
23,112.04384301986751,9.468166666666667,3.031709737472214,77606.0,24428.0,MVE
53,221.70249680228451,18.856,7.332290532757679,153592.0,44209.0,MVE
