MV_osmid,HBLD_kW/K,CBLD_MWh/K,PRT_MW,GEBF_m2,GAREA_m2,T_PROFILE
174,29.707758380179413,2.168722222222222,1.0575640478650266,19220.0,16692.0,MMSSE
177,189.45029812975545,15.026277777777777,6.257035379997973,128016.0,67251.0,MMSSE
193,30.39918645205753,2.136277777777778,0.8229018560537215,19312.0,10180.0,MMSSE
198,0.44320972363104905,0.023999999999999997,0.018462025384869487,288.0,288.0,MMSSE
202,0.703102471165073,0.047,0.024816826378476015,444.0,411.0,MMSSE
205,23.20475871617447,2.2366388888888893,0.6917142482088654,17645.0,8363.0,MMSSE
209,286.7022945159155,22.588111111111115,9.967097149436642,192088.0,100720.0,MMSSE
225,674.1778869176977,52.65083333333334,21.283593446095566,457374.0,209471.0,MMSSE
251,2.8300412283866834,0.25986111111111115,0.12081667203353703,1871.0,1147.0,MMSSE
