MV_osmid,HBLD_kW/K,CBLD_MWh/K,PRT_MW,GEBF_m2,GAREA_m2,T_PROFILE
14,0.7549716054331527,0.07191666666666667,0.018725185012313263,541.0,219.0,GIH
47,29.52583479037165,2.175472222222222,0.8705284383511956,20127.0,8181.0,GIH
49,15.8805836216398,1.18375,0.4379082480177897,10461.0,4118.0,GIH
70,3.798857550231075,0.2709722222222222,0.15250283838813602,2547.0,1679.0,PIL
73,1.0194977676378199,0.06744444444444446,0.027810731390991824,660.0,287.0,GIH
94,0.07615741229384715,0.004666666666666666,0.003298835243252674,46.0,46.0,GIH
124,9.175276040228956,0.6552777777777778,0.25836671826614943,6000.0,2522.0,GIH
128,8.204194200785864,0.5679166666666666,0.2982083459723842,5159.0,4054.0,GIH
134,62.71803465593858,4.481916666666667,2.0645023791987063,40063.0,22367.0,GIH
