MV_osmid,HBLD_kW/K,CBLD_MWh/K,PRT_MW,GEBF_m2,GAREA_m2,T_PROFILE
180,49.00914670262875,3.6625,1.2813164924493694,32110.0,15936.0,EVI
222,7.967558765318673,0.5086111111111111,0.23931283058814523,5282.0,2595.0,EVI
267,37.18841475001444,2.606472222222222,1.0010055427275142,24213.0,11192.0,EVI
270,0.3662635910562142,0.01983333333333333,0.014846780326832143,238.0,238.0,EVI
276,22.85284323805356,1.5426111111111112,0.704827709297306,14630.0,10070.0,EVI
279,0.20929348060355094,0.01888888888888889,0.005226595258826883,136.0,136.0,EVI
