MV_osmid,HBLD_kW/K,CBLD_MWh/K,PRT_MW,GEBF_m2,GAREA_m2,T_PROFILE
126,3.6183331648121437,0.30883333333333335,0.12667491807787892,2770.0,1220.0,GIH
130,2.153814669721065,0.14413888888888887,0.07674849799991858,1337.0,1124.0,GIH
159,28.948827051476623,2.24575,0.8515004809699134,19387.0,8870.0,GIH
211,29.65138424318213,1.968611111111111,1.1006306497231657,19276.0,13451.0,GIH
216,0.0398580908874172,0.0025277777777777777,0.0019034903741214542,25.0,25.0,GIH
219,41.257218679982316,3.2015,1.1658041894143072,27310.0,12929.0,GIH
223,111.80246585988289,8.415944444444445,3.7687638534728234,75760.0,41130.0,GIH
252,67.94045292271893,4.993972222222222,2.052539971920091,44627.0,23726.0,GIH
277,68.30292802522067,4.531694444444445,2.232534793378224,43661.0,25922.0,GIH
