MV_osmid,HBLD_kW/K,CBLD_MWh/K,PRT_MW,GEBF_m2,GAREA_m2,T_PROFILE
3,737.3457993860331,59.06966666666667,22.39714154746261,493736.0,171631.0,INNEBI
19,229.7619420095959,16.020527777777776,7.465872299661663,150249.0,56988.0,INNLUZ
36,0.18774856348259714,0.003388888888888889,0.007577125337763827,122.0,122.0,INNEBI
