MV_osmid,HBLD_kW/K,CBLD_MWh/K,PRT_MW,GEBF_m2,GAREA_m2,T_PROFILE
59,1.1234135355925896,0.06083333333333333,0.03541621919436396,730.0,364.0,LUG
76,1039.948566523599,87.54144444444445,30.531700460555232,738322.0,160542.0,LUG
