MV_osmid,HBLD_kW/K,CBLD_MWh/K,PRT_MW,GEBF_m2,GAREA_m2,T_PROFILE
32,16.04247526920287,1.3026666666666666,0.48631145511467805,11270.0,4790.0,LAC
35,22.606400564842552,2.1341111111111113,0.6254884563271137,16398.0,6234.0,LAC
39,18.901556161401945,1.4973333333333334,0.5381955377239056,12402.0,5852.0,LAC
86,93.28936898500802,6.860111111111111,2.9658606190766514,63676.0,30185.0,MMRIC
97,0.4878384805244533,0.008805555555555556,0.022679254275014743,317.0,317.0,LAC
100,0.8915449933813113,0.042083333333333334,0.03653515497036056,577.0,355.0,MMRIC
102,10.586388363124986,0.6709166666666666,0.3689547213984656,6921.0,4659.0,MMRIC
