MV_osmid,HBLD_kW/K,CBLD_MWh/K,PRT_MW,GEBF_m2,GAREA_m2,T_PROFILE
102,189.50674245313726,14.094722222222222,6.798772991211181,123494.0,86579.0,THU
