MV_osmid,HBLD_kW/K,CBLD_MWh/K,PRT_MW,GEBF_m2,GAREA_m2,T_PROFILE
0,4.513951198113573,0.3445277777777778,0.16451278932675387,2829.0,1828.0,PIL
20,1.0818626240021787,0.07358333333333335,0.04077787736460044,703.0,581.0,PIL
168,15.133332106174866,1.025611111111111,0.47377573960049635,9792.0,5282.0,PIL
