MV_osmid,HBLD_kW/K,CBLD_MWh/K,PRT_MW,GEBF_m2,GAREA_m2,T_PROFILE
49,53.51813523429433,4.010888888888889,1.7150593778878658,35648.0,17434.0,WAE
77,229.5126014156482,18.08025,9.523516471262361,157607.0,65367.0,WAE
100,922.4963166543072,73.82836111111111,29.966109413785414,620075.0,202826.0,WAE
102,4.12502996746024,0.2942222222222222,0.15725555884625833,2554.0,2074.0,WAE
