MV_osmid,HBLD_kW/K,CBLD_MWh/K,PRT_MW,GEBF_m2,GAREA_m2,T_PROFILE
69,0.4901086218556699,0.06166666666666667,0.014038526122760964,444.0,148.0,SIO
100,38.93249496620423,2.8765833333333335,1.4159113229393843,26199.0,13287.0,SIO
104,29.342850500302728,2.3478055555555555,1.0063302275546107,19043.0,11566.0,SIO
121,136.0120900890809,10.442166666666665,5.290027403008747,90826.0,57945.0,SIO
125,1.7251322923277985,0.09341666666666666,0.087142763863039,1121.0,1121.0,SIO
126,2.939645180486804,0.2638888888888889,0.11159113778862391,1904.0,1642.0,SIO
132,17.813731275727207,1.5064722222222224,0.45914008141477775,12161.0,5218.0,SIO
