MV_osmid,HBLD_kW/K,CBLD_MWh/K,PRT_MW,GEBF_m2,GAREA_m2,T_PROFILE
103,1.333168305306322,0.08455555555555555,0.04966889073970281,806.0,671.0,MMNAF
106,627.3102170284297,45.050583333333336,23.25869778933613,425425.0,179127.0,MMNAF
113,2.0944519538219675,0.12272222222222222,0.08461354119239775,1318.0,1201.0,MMNAF
