MV_osmid,HBLD_kW/K,CBLD_MWh/K,PRT_MW,GEBF_m2,GAREA_m2,T_PROFILE
57,6.823749855368443,0.3774722222222222,0.29255469616873925,4177.0,4177.0,INNEBI
