MV_osmid,HBLD_kW/K,CBLD_MWh/K,PRT_MW,GEBF_m2,GAREA_m2,T_PROFILE
28,130.0418201139919,10.761305555555557,4.325386621807477,89109.0,39408.0,WAE
118,82.44756902897474,7.143722222222222,3.2143936463036167,60614.0,25836.0,WAE
