MV_osmid,HBLD_kW/K,CBLD_MWh/K,PRT_MW,GEBF_m2,GAREA_m2,T_PROFILE
19,89.86706037711022,6.5045,2.667300911610678,58126.0,33466.0,DEM
49,153.88392705727193,10.934666666666667,4.528379662607231,100006.0,53096.0,MMLAF
51,89.02815213737779,6.686805555555556,2.5553864386126097,57687.0,33399.0,DEM
53,133.14049649179645,9.375222222222222,3.887049977085337,86510.0,47536.0,DEM
96,33.584246723075616,2.3613333333333335,1.0910823020670843,21450.0,14317.0,DEM
