MV_osmid,HBLD_kW/K,CBLD_MWh/K,PRT_MW,GEBF_m2,GAREA_m2,T_PROFILE
32,268.81674732903326,19.923638888888892,7.547928070772403,177771.0,79212.0,MVE
33,301.06087190774764,21.827111111111112,9.275690068011675,198986.0,111708.0,MVE
61,3.0611574737519933,0.2501111111111111,0.0830043839682518,2084.0,1042.0,MVE
65,33.897160678617375,2.7648333333333337,1.294174121860801,24488.0,14667.0,MVE
66,108.3455846302883,8.694888888888888,2.9283471804215155,74064.0,26425.0,MVE
156,0.4203079127854759,0.03252777777777778,0.01833600681295485,259.0,259.0,MVE
