MV_osmid,HBLD_kW/K,CBLD_MWh/K,PRT_MW,GEBF_m2,GAREA_m2,T_PROFILE
40,54.28136022273918,4.361027777777778,1.5587853174935982,38159.0,16302.0,SLFMU2
56,3.8919059391282254,0.30675,0.11019050329772097,2575.0,1304.0,SLFMU2
63,168.4973750979061,15.163444444444446,7.207134251215385,119612.0,65459.0,SLFMU2
94,24.10515645143251,1.6785555555555556,0.6537099964240335,15728.0,7414.0,SLFMU2
