MV_osmid,HBLD_kW/K,CBLD_MWh/K,PRT_MW,GEBF_m2,GAREA_m2,T_PROFILE
148,0.6525032042346,0.03533333333333333,0.017935971768738606,424.0,212.0,AIG
