MV_osmid,HBLD_kW/K,CBLD_MWh/K,PRT_MW,GEBF_m2,GAREA_m2,T_PROFILE
0,0.6805085815318564,0.061611111111111116,0.03495625358058003,470.0,268.0,CHU
3,33.976154305756886,2.3535,0.8717121894351547,21084.0,9767.0,CHU
18,2.9854616682752955,0.20319444444444446,0.12539633468835082,2069.0,782.0,CHU
60,327.5603612405849,29.26386111111111,14.27235987584005,242091.0,83814.0,CHU
