MV_osmid,HBLD_kW/K,CBLD_MWh/K,PRT_MW,GEBF_m2,GAREA_m2,T_PROFILE
6,7.612632063635171,0.6075555555555555,0.2460353766902017,5078.0,3276.0,MAS
