MV_osmid,HBLD_kW/K,CBLD_MWh/K,PRT_MW,GEBF_m2,GAREA_m2,T_PROFILE
42,963.5630624394637,76.56083333333333,27.7982879383139,653136.0,218161.0,INNLUZ
81,102.12602710779753,8.033166666666666,2.86407726130278,69864.0,30801.0,LUZ
84,7.827766200795467,0.6453888888888889,0.25055111667157615,5398.0,3126.0,LUZ
88,752.6918500165405,63.98488888888889,24.5152142259195,550184.0,206105.0,LUZ
101,1125.4144170095142,93.92494444444445,34.06128500535344,788620.0,289243.0,LUZ
