MV_osmid,HBLD_kW/K,CBLD_MWh/K,PRT_MW,GEBF_m2,GAREA_m2,T_PROFILE
47,1.4726004213181112,0.08555555555555554,0.059300862038515645,992.0,652.0,LAC
