MV_osmid,HBLD_kW/K,CBLD_MWh/K,PRT_MW,GEBF_m2,GAREA_m2,T_PROFILE
12,0.1665242105263158,0.008333333333333331,0.006722086150502059,100.0,100.0,GOR
31,7.51046952406061,0.55875,0.2094775595689033,4803.0,2342.0,SLFZE4
100,31.344293997771043,2.9603888888888887,0.8346110498530183,22536.0,4664.0,GOR
117,7.007703375804788,0.5944444444444444,0.2675065869548593,4280.0,2060.0,SLFZE4
120,32.60773744729432,2.1811666666666665,1.0093569616736529,21252.0,11180.0,SLFZE4
123,3.6833420492953395,0.24730555555555558,0.1374099555084161,2327.0,1827.0,SLFZE4
