MV_osmid,HBLD_kW/K,CBLD_MWh/K,PRT_MW,GEBF_m2,GAREA_m2,T_PROFILE
87,19.355674510621046,1.501277777777778,0.5580247401523263,12920.0,6304.0,MVE
94,268.9210267018407,20.500527777777776,7.469444473138471,175847.0,71056.0,MVE
100,24.42075287330388,1.7874444444444446,0.7093410982653267,16024.0,8472.0,MVE
117,0.9341260494584958,0.045361111111111116,0.03243815101904713,607.0,304.0,MVE
124,64.32302536615441,4.668722222222223,1.8276289913433514,42914.0,20570.0,SLFTR2
154,19.26705989423542,1.552361111111111,0.5608957374612666,13515.0,5571.0,MVE
156,5.80537532419249,0.43633333333333335,0.16391171474997634,3916.0,1585.0,MVE
157,75.80550851917485,5.7979722222222225,2.0967795741768698,50335.0,21267.0,MVE
165,75.15377343441541,5.623527777777778,2.194448564413781,49737.0,22442.0,MVE
