MV_osmid,HBLD_kW/K,CBLD_MWh/K,PRT_MW,GEBF_m2,GAREA_m2,T_PROFILE
14,0.0769461325748349,0.004166666666666666,0.003995702432938084,50.0,50.0,MVE
101,62.62539095464992,4.588861111111111,1.7205232168035864,41607.0,17625.0,MVE
102,22.231670319458374,1.6943055555555557,0.6581977217238846,14741.0,7194.0,MVE
174,193.30425880753913,13.970055555555557,5.828705683652183,127578.0,60090.0,MVE
