MV_osmid,HBLD_kW/K,CBLD_MWh/K,PRT_MW,GEBF_m2,GAREA_m2,T_PROFILE
45,5.879645509781529,0.37172222222222223,0.16952964724440472,3756.0,1687.0,SIO
155,6.130631929617402,0.45983333333333337,0.18480781440754182,4090.0,1816.0,SIO
210,20.80982384671612,1.409,0.5376077443330465,13258.0,5538.0,SIO
