MV_osmid,HBLD_kW/K,CBLD_MWh/K,PRT_MW,GEBF_m2,GAREA_m2,T_PROFILE
76,780.0305235894715,61.27841666666667,25.34457636261422,530935.0,252793.0,INNEBI
78,366.80815476327405,26.662555555555556,13.75351953198637,236776.0,176502.0,INNEBI
87,292.5136432682467,25.17788888888889,9.879477436231776,211762.0,88801.0,INNEBI
