MV_osmid,HBLD_kW/K,CBLD_MWh/K,PRT_MW,GEBF_m2,GAREA_m2,T_PROFILE
109,0.4778023718804866,0.028999999999999998,0.018731125827954186,348.0,251.0,SAG
115,37.11784381616594,2.5692222222222223,1.1471286443761837,24244.0,9022.0,SAG
197,0.7442766242008819,0.045,0.026237104899384606,540.0,180.0,WAE
200,88.80847024609601,6.25125,2.879224234658715,59433.0,29962.0,SAG
