MV_osmid,HBLD_kW/K,CBLD_MWh/K,PRT_MW,GEBF_m2,GAREA_m2,T_PROFILE
27,119.35200870651941,9.210194444444445,3.2601079078347674,77699.0,33013.0,WAE
178,399.7927529758859,30.374833333333335,11.670952455703768,262736.0,104279.0,WAE
180,39.738541759785086,3.243527777777778,1.0895924586803358,27207.0,10533.0,WAE
