MV_osmid,HBLD_kW/K,CBLD_MWh/K,PRT_MW,GEBF_m2,GAREA_m2,T_PROFILE
63,0.6058235571034631,0.06305555555555556,0.015623962763590422,470.0,210.0,SLFMU2
