MV_osmid,HBLD_kW/K,CBLD_MWh/K,PRT_MW,GEBF_m2,GAREA_m2,T_PROFILE
64,185.7607238772519,14.13575,7.301472745943295,122451.0,65414.0,TIBIO
65,37.00200674213071,1.8550833333333332,1.2578941845089144,22229.0,8981.0,TIBIO
102,312.0506668288937,23.666944444444447,9.187727002176015,202814.0,104716.0,TIBIO
103,226.78383408193966,17.64736111111111,6.51567172326379,155325.0,47345.0,LUG
