MV_osmid,HBLD_kW/K,CBLD_MWh/K,PRT_MW,GEBF_m2,GAREA_m2,T_PROFILE
52,1115.7424355079215,95.08788888888888,33.0454710471756,788352.0,174337.0,LUG
72,145.6151930043706,11.71477777777778,4.0957851706678445,97618.0,19999.0,LUG
86,25.9415272151547,2.2308611111111114,0.8575587901760015,17599.0,4741.0,LUG
93,1.582918386804123,0.1991666666666667,0.05617809691305747,1434.0,239.0,TIBIO
