MV_osmid,HBLD_kW/K,CBLD_MWh/K,PRT_MW,GEBF_m2,GAREA_m2,T_PROFILE
7,17.412864800642627,1.232361111111111,0.7755842267679091,11141.0,10321.0,MMSAX
39,23.324194026363003,1.355388888888889,0.997328164065698,14448.0,13799.0,MMSAX
