MV_osmid,HBLD_kW/K,CBLD_MWh/K,PRT_MW,GEBF_m2,GAREA_m2,T_PROFILE
23,22.913320110711556,1.709361111111111,0.6218709664996855,15457.0,5734.0,WAE
26,1137.7299691637104,89.36347222222221,34.34879030108693,775663.0,261116.0,WAE
27,3.8890353846153847,0.22602777777777777,0.12728947026071274,2251.0,1732.0,WAE
30,93.11804969196187,7.426361111111111,3.0179867934023914,65451.0,25558.0,WAE
43,445.46451239985396,33.80836111111111,13.262343076745573,290977.0,128235.0,WAE
125,18.33941461670538,1.6111111111111112,0.5135440337526855,13784.0,3500.0,WAE
