MV_osmid,HBLD_kW/K,CBLD_MWh/K,PRT_MW,GEBF_m2,GAREA_m2,T_PROFILE
84,0.3214231881773311,0.017222222222222222,0.013017331569078739,202.0,202.0,GLA
125,1.0555085229647592,0.07366666666666667,0.04685376745828034,678.0,678.0,GLA
