MV_osmid,HBLD_kW/K,CBLD_MWh/K,PRT_MW,GEBF_m2,GAREA_m2,T_PROFILE
4,604.6153915111413,41.3485,21.934521636714717,387456.0,240200.0,INNEBI
7,22.529734493154162,1.89175,0.5926230117843919,15375.0,4438.0,INNEBI
20,42.57633645833874,3.4418333333333333,1.2873586745366246,28502.0,11036.0,INNLUZ
