MV_osmid,HBLD_kW/K,CBLD_MWh/K,PRT_MW,GEBF_m2,GAREA_m2,T_PROFILE
24,21.75236271763988,1.7507777777777778,0.5851679371001025,15094.0,6314.0,SLFMU2
30,11.471185248809132,0.8341111111111111,0.2876985383982365,7252.0,2830.0,SLFMU2
