MV_osmid,HBLD_kW/K,CBLD_MWh/K,PRT_MW,GEBF_m2,GAREA_m2,T_PROFILE
8,5.797763788388781,0.40063888888888893,0.24067003080616378,3613.0,3326.0,DEM
136,0.3170180662083198,0.02861111111111111,0.015356273914096736,206.0,206.0,DEM
173,90.98438639887942,6.8573055555555555,2.7381331853585933,60691.0,31455.0,DEM
