MV_osmid,HBLD_kW/K,CBLD_MWh/K,PRT_MW,GEBF_m2,GAREA_m2,T_PROFILE
0,113.39426359588425,8.379527777777778,3.5306154070616156,74441.0,42160.0,BRL
2,113.44873411700738,8.38675,3.3233681021933066,73903.0,43148.0,BRL
4,84.15828942270407,6.293111111111111,2.566292950519606,55210.0,32115.0,BRL
9,41.39584560636546,3.147194444444444,1.17534818913204,28395.0,10664.0,BRL
10,89.38473031171819,6.392305555555556,2.7750303484666334,59317.0,26452.0,BRL
11,92.66699423965788,6.382777777777778,3.214774365774579,60756.0,37506.0,BRL
