MV_osmid,HBLD_kW/K,CBLD_MWh/K,PRT_MW,GEBF_m2,GAREA_m2,T_PROFILE
61,18.619102626799325,1.484527777777778,0.48281817121979465,12421.0,5249.0,WAE
98,63.130149383115814,4.647027777777779,2.036569342936106,44057.0,20175.0,WAE
118,5.825683020732614,0.45786111111111116,0.237590342855918,3587.0,3346.0,WAE
120,35.50097850210987,2.754722222222222,1.0173189844893504,23766.0,9706.0,WAE
126,62.8860211873274,4.849111111111111,1.852271400216111,42932.0,18036.0,WAE
173,3.0682650713799893,0.21983333333333335,0.07798778239017488,1786.0,919.0,WAE
