MV_osmid,HBLD_kW/K,CBLD_MWh/K,PRT_MW,GEBF_m2,GAREA_m2,T_PROFILE
147,4.92515950811162,0.27136111111111116,0.171418408541276,2989.0,2565.0,INNEBI
151,22.398391485944213,1.6462777777777777,0.8213261929410255,14262.0,11774.0,INNEBI
192,40.46623177073932,2.9800555555555555,1.7678730458896377,25932.0,25504.0,INNEBI
196,24.102778421480018,2.538972222222222,1.2747643564414604,19163.0,11364.0,INNEBI
207,245.28203031012157,18.346611111111113,11.36245852510269,168302.0,44152.0,INNEBI
