MV_osmid,HBLD_kW/K,CBLD_MWh/K,PRT_MW,GEBF_m2,GAREA_m2,T_PROFILE
53,34.91462522293466,2.385194444444444,0.9546150955132968,22723.0,11015.0,GOE
60,29.15832820738715,2.062194444444444,0.8207281726828625,19129.0,10407.0,GOE
91,1.788228121039163,0.14172222222222222,0.0483668975865073,1162.0,824.0,GOE
188,63.47039703162429,4.252083333333333,1.7190218623498887,40471.0,21753.0,GOE
