MV_osmid,HBLD_kW/K,CBLD_MWh/K,PRT_MW,GEBF_m2,GAREA_m2,T_PROFILE
73,158.6137914855424,13.2745,4.257583770156479,106990.0,26981.0,REH
82,3458.7038794953514,274.7170555555556,128.15047283931094,2409124.0,487966.0,NABZUE
131,193.57861110405287,15.983333333333334,5.531379934763474,135794.0,33980.0,REH
132,9.359125886353041,0.7911111111111112,0.27477823020422165,6654.0,2065.0,REH
169,206.39648585204165,15.579694444444446,6.030087469389753,137231.0,34014.0,REH
173,613.4327546584979,48.34902777777777,28.5463982944895,477859.0,92384.0,NABZUE
174,529.6631429863589,37.38811111111111,14.13902139237604,321024.0,90350.0,REH
175,113.48024850461925,8.86525,3.751532283380712,74675.0,39733.0,NABZUE
