MV_osmid,HBLD_kW/K,CBLD_MWh/K,PRT_MW,GEBF_m2,GAREA_m2,T_PROFILE
124,151.78841430922301,12.06113888888889,5.2227004496183485,106935.0,58552.0,MMMOU
