MV_osmid,HBLD_kW/K,CBLD_MWh/K,PRT_MW,GEBF_m2,GAREA_m2,T_PROFILE
0,194.82398470702617,14.370972222222223,5.9512924169571715,128103.0,69847.0,MAH
61,140.38086917629983,10.357277777777778,4.355227217205353,92692.0,55144.0,MAH
106,70.05717040811835,5.3117222222222225,2.327153250517653,45886.0,30909.0,MAH
