MV_osmid,HBLD_kW/K,CBLD_MWh/K,PRT_MW,GEBF_m2,GAREA_m2,T_PROFILE
86,5.351995001298573,0.38430555555555557,0.1472378956351843,3467.0,2074.0,VEV
96,25.20372914530869,1.84025,0.8268745646488218,16205.0,11105.0,VEV
100,0.15543118780116652,0.01402777777777778,0.007099325088887858,101.0,101.0,SLFALI
103,20.49654087437886,1.5282499999999997,1.4080264874290693,18335.0,4035.0,VEV
130,49.58951041597071,3.7758333333333334,1.3244904031216924,32338.0,15441.0,VEV
136,49.034003051738196,3.7988333333333335,1.5363139096209761,34198.0,18715.0,VEV
165,2.47635448697919,0.12891666666666665,0.08551757685986362,1635.0,933.0,VEV
168,1.4151849996045118,0.11433333333333334,0.040333507539097056,918.0,401.0,VEV
