MV_osmid,HBLD_kW/K,CBLD_MWh/K,PRT_MW,GEBF_m2,GAREA_m2,T_PROFILE
0,9.501229901045416,0.7845000000000001,0.26712187241948787,6428.0,2738.0,CDF
141,15.130957005103223,0.9396666666666667,0.5325875331718021,9588.0,6223.0,CDF
