MV_osmid,HBLD_kW/K,CBLD_MWh/K,PRT_MW,GEBF_m2,GAREA_m2,T_PROFILE
13,12.156646751999377,0.7898888888888889,0.5002096109620431,7470.0,7272.0,TGLAN
126,0.12465273477123257,0.01125,0.005580184773563353,81.0,81.0,TGLAN
