MV_osmid,HBLD_kW/K,CBLD_MWh/K,PRT_MW,GEBF_m2,GAREA_m2,T_PROFILE
0,1.8179150732693665,0.13216666666666665,0.08276491411846391,1122.0,1122.0,FRE
5,0.7406731093771385,0.05825,0.02725057451043555,435.0,435.0,FRE
182,13.034308899230929,1.001638888888889,0.40189214786072075,8643.0,6219.0,FRE
