MV_osmid,HBLD_kW/K,CBLD_MWh/K,PRT_MW,GEBF_m2,GAREA_m2,T_PROFILE
124,0.7309882594609316,0.04408333333333333,0.030495440840710653,475.0,475.0,COY
