MV_osmid,HBLD_kW/K,CBLD_MWh/K,PRT_MW,GEBF_m2,GAREA_m2,T_PROFILE
31,54.73464616659736,4.166444444444444,1.6034802262446979,36382.0,17617.0,REH
73,0.012311381211973584,0.0011111111111111111,0.0005983198151946578,8.0,8.0,REH
76,919.5785903611261,66.13591666666667,31.86452729599967,600297.0,289467.0,REH
82,404.77048544268746,30.23925,11.959426288268572,264049.0,111787.0,REH
83,110.13109451657071,9.035472222222223,3.0934152447738694,74233.0,27669.0,REH
85,18.020521594286237,1.4310833333333335,0.5609395768350485,12221.0,4463.0,REH
86,100.17345643948813,6.747222222222223,2.687440088999505,62462.0,31371.0,REH
