MV_osmid,HBLD_kW/K,CBLD_MWh/K,PRT_MW,GEBF_m2,GAREA_m2,T_PROFILE
11,114.4631766773425,7.862111111111111,3.90959229568639,74654.0,45084.0,TGNOL
56,109.88315009525724,7.849583333333334,3.3294198382660527,72743.0,37183.0,TGNOL
72,0.04664769230769231,0.00375,0.001950345230799354,27.0,27.0,TGNOL
77,1.1658669419047196,0.08480555555555555,0.04340412703615709,749.0,611.0,TGNOL
79,0.3723042200544736,0.021611111111111112,0.015830812205859607,238.0,238.0,TGNOL
104,4.393213453052881,0.3100833333333334,0.17486905286449742,2859.0,2406.0,TGNOL
113,7.687725370794505,0.5975833333333334,0.30968091479423876,5061.0,4479.0,TGNOL
