MV_osmid,HBLD_kW/K,CBLD_MWh/K,PRT_MW,GEBF_m2,GAREA_m2,T_PROFILE
82,18.535762836699618,1.252138888888889,0.512966617645567,11807.0,5823.0,BUS
124,13.821249617219523,0.5215833333333334,0.5964949361326911,8757.0,8609.0,BUS
125,3.889966145097684,0.20472222222222222,0.10932914969829825,2336.0,1349.0,BUS
132,33.20272725511462,1.8994999999999995,1.0853072125711987,22794.0,12356.0,BUS
142,3.322984181096039,0.22261111111111112,0.12351613462423978,2396.0,1282.0,BUS
145,20.47629639362428,1.225138888888889,0.8270140340290116,13023.0,13023.0,BUS
150,2.0905561574151785,0.12858333333333336,0.05539558922287462,1283.0,588.0,BUS
167,43.243420111007175,3.449527777777778,1.9655263680128205,25143.0,12560.0,BUS
168,33.10763615960667,2.5781111111111112,1.6351047681370732,22218.0,14208.0,BUS
