MV_osmid,HBLD_kW/K,CBLD_MWh/K,PRT_MW,GEBF_m2,GAREA_m2,T_PROFILE
53,0.8987308284740716,0.07222222222222223,0.020746580637170584,584.0,332.0,NEU
55,56.956546577963564,4.153444444444444,1.6440310925990338,37682.0,18619.0,NEU
57,13.976655107628114,1.1061944444444445,0.42917573373001056,9307.0,4671.0,NEU
