MV_osmid,HBLD_kW/K,CBLD_MWh/K,PRT_MW,GEBF_m2,GAREA_m2,T_PROFILE
10,1046.8939770028394,80.26,32.79489012073316,716248.0,295232.0,BUS
15,29.740747755599546,2.595444444444445,1.2851341361602948,20456.0,8714.0,MMBIR
18,9.247901861526053,0.8193611111111111,0.2779012285727446,6117.0,4168.0,MMBIR
19,1100.0321766606014,88.17563888888888,38.31008006603343,763661.0,327291.0,BUS
21,332.664282660506,24.57436111111111,11.285688341181274,227249.0,119959.0,BUS
22,48.80544211198259,3.7559722222222227,1.867427817060219,33581.0,15958.0,MMBIR
26,32.670180336629244,2.6942222222222223,1.0080251067966923,22798.0,10122.0,MMBIR
