MV_osmid,HBLD_kW/K,CBLD_MWh/K,PRT_MW,GEBF_m2,GAREA_m2,T_PROFILE
0,49.86978991085103,3.868805555555556,1.5406260792503725,32925.0,20571.0,KOP
51,44.35562048245994,3.2043611111111114,1.358471619582547,29337.0,16538.0,KOP
54,78.62451342240904,5.5551111111111116,2.568318077804826,51410.0,33265.0,KOP
59,0.031098461538461544,0.0015,0.001347622398065843,18.0,18.0,KOP
66,7.244344681372899,0.44680555555555557,0.3165239653640641,4739.0,4433.0,KOP
69,0.03385629833292736,0.0018333333333333333,0.0013667555348526972,22.0,22.0,KOP
74,4.721583041913786,0.3318333333333333,0.13505771405399822,3074.0,1779.0,KOP
84,19.68495018028285,1.4655833333333335,1.0350541081425473,15567.0,5894.0,KOP
