MV_osmid,HBLD_kW/K,CBLD_MWh/K,PRT_MW,GEBF_m2,GAREA_m2,T_PROFILE
150,5.557992052789601,0.2650833333333334,0.19745315621689877,3521.0,2282.0,TGWEI
167,5.658946466420793,0.36266666666666664,0.1490569400927162,3550.0,2187.0,TGWEI
173,3.471800728116915,0.2311388888888889,0.12323258052757126,2365.0,1309.0,TGNOL
219,0.8144609159869816,0.06366666666666666,0.04407612985727962,700.0,398.0,TGWEI
230,178.2182308969147,14.55963888888889,5.455506768929428,121011.0,46842.0,TGWEI
232,119.55257630410178,9.5535,3.2524842734492285,78124.0,33122.0,TGWEI
241,2.054980545338364,0.15575,0.07618716463753337,1245.0,1245.0,TGWEI
242,3.3365810579696724,0.19247222222222224,0.126569568043987,2133.0,1761.0,TGWEI
