MV_osmid,HBLD_kW/K,CBLD_MWh/K,PRT_MW,GEBF_m2,GAREA_m2,T_PROFILE
10,3.9908173493237133,0.3229722222222222,0.13109768817975606,2639.0,1589.0,MMBIR
14,8.663427630929375,0.7032777777777778,0.2688710578934539,5704.0,3718.0,MMBIR
