MV_osmid,HBLD_kW/K,CBLD_MWh/K,PRT_MW,GEBF_m2,GAREA_m2,T_PROFILE
96,18.218053123998505,1.483611111111111,0.6187467856398509,12528.0,7070.0,WYN
100,748.7227011136422,58.93372222222223,24.835616130179975,512092.0,229027.0,WYN
108,2.018372531149392,0.16,0.04992080523305487,1340.0,600.0,WYN
110,0.060469230769230775,0.0029166666666666664,0.002667899023769668,35.0,35.0,WYN
118,336.89027476269035,26.68927777777778,11.508033387212826,228994.0,115956.0,WYN
135,64.72010839933759,5.299944444444444,2.3176244157128782,43750.0,24815.0,WYN
146,6.963465677948637,0.4473333333333333,0.2680959688502869,4590.0,3404.0,WYN
160,73.75732713219763,4.98425,2.3809449754949172,50465.0,19688.0,WYN
