MV_osmid,HBLD_kW/K,CBLD_MWh/K,PRT_MW,GEBF_m2,GAREA_m2,T_PROFILE
98,9.86771204004144,0.5253333333333333,0.3149154749894379,6236.0,3732.0,TGWEI
