MV_osmid,HBLD_kW/K,CBLD_MWh/K,PRT_MW,GEBF_m2,GAREA_m2,T_PROFILE
113,42.89529021022517,3.110666666666667,1.1586504218463956,28104.0,12574.0,MMWAA
120,6.35825025565551,0.4176944444444445,0.17755224037903217,4127.0,1579.0,MMWAA
122,14.639722985684017,0.9562777777777778,0.43830202543953434,9430.0,5036.0,MMWAA
126,27.995870294047418,2.0160833333333334,0.7140502957012508,17879.0,7808.0,MMWAA
153,0.07079044196884811,0.006388888888888889,0.003257636067910268,46.0,46.0,MMWAA
192,97.98169693010385,7.834333333333334,2.4583135577202913,63700.0,22153.0,MMWAA
197,3.2796426949819346,0.21752777777777776,0.10511764767608284,2167.0,1156.0,MMWAA
211,68.19966888652056,4.999277777777778,1.9708682735694996,44208.0,22381.0,MMWAA
