MV_osmid,HBLD_kW/K,CBLD_MWh/K,PRT_MW,GEBF_m2,GAREA_m2,T_PROFILE
55,44.931427339212654,2.7010555555555555,1.7691737958574314,26806.0,24120.0,WAE
