MV_osmid,HBLD_kW/K,CBLD_MWh/K,PRT_MW,GEBF_m2,GAREA_m2,T_PROFILE
74,0.07079044196884811,0.005722222222222222,0.0030296467003509877,46.0,46.0,BAS
138,6.3132880468181805,0.42988888888888893,0.20107159766791782,4162.0,2157.0,BAS
