MV_osmid,HBLD_kW/K,CBLD_MWh/K,PRT_MW,GEBF_m2,GAREA_m2,T_PROFILE
16,64.28878831987178,5.8188611111111115,1.943302073736525,49711.0,9853.0,NABZUE
27,53.52056762632769,4.013083333333333,1.525045714286701,35803.0,11014.0,NABZUE
57,6.800098326915624,0.5069166666666667,0.17652187632164806,4525.0,1088.0,NABZUE
128,200.70245392107273,10.122111111111112,4.996271175830428,118082.0,10879.0,NABZUE
138,1.175598383505154,0.1479166666666667,0.08093625142069825,1065.0,355.0,NABZUE
