MV_osmid,HBLD_kW/K,CBLD_MWh/K,PRT_MW,GEBF_m2,GAREA_m2,T_PROFILE
74,0.46738984833359,0.03791666666666667,0.017037698570415653,273.0,273.0,NABBER
158,478.7449231795594,38.42594444444445,14.609364179255497,331880.0,134759.0,BER
163,879.8825963384638,76.42875,27.329137249203384,607801.0,215324.0,BER
164,45.387872099314436,3.1514166666666665,1.5357183000758494,30505.0,14494.0,BER
184,393.91010400476506,28.34541666666667,15.030203947515032,258823.0,183463.0,BER
186,330.62211434260377,27.017472222222224,10.943403781802548,237221.0,113325.0,BER
