MV_osmid,HBLD_kW/K,CBLD_MWh/K,PRT_MW,GEBF_m2,GAREA_m2,T_PROFILE
59,562.9654375381082,40.81672222222222,20.779893792109444,377812.0,186255.0,BAS
79,832.0167225815323,63.96127777777778,24.909469379557354,558402.0,214565.0,BAS
86,1.5230816981192872,0.18222222222222223,0.047169676216136505,1312.0,371.0,BAS
90,492.6090571457725,37.72505555555556,17.89011001555628,321518.0,131826.0,BAS
94,936.3577258923492,70.4156111111111,27.37465924307698,618856.0,258745.0,BAS
101,19.295210928817266,1.4626666666666668,0.5322556242200462,13014.0,4389.0,BAS
105,106.3850412229789,8.180722222222222,3.147862314917843,71274.0,30389.0,BAS
106,107.75216872573603,8.519638888888888,3.2858800435615487,74609.0,26630.0,BAS
