MV_osmid,HBLD_kW/K,CBLD_MWh/K,PRT_MW,GEBF_m2,GAREA_m2,T_PROFILE
58,5.919155984364282,0.44830555555555557,0.2828345056515938,3929.0,2561.0,BAS
77,185.03694197405486,14.40863888888889,6.654277329577008,122579.0,48917.0,BAS
98,221.61949004312262,20.298111111111112,8.503413169754639,165130.0,49541.0,BAS
