MV_osmid,HBLD_kW/K,CBLD_MWh/K,PRT_MW,GEBF_m2,GAREA_m2,T_PROFILE
83,5.216227741465338,0.37983333333333336,0.19604673860868307,3372.0,2925.0,TGNOL
94,0.7226769846055527,0.039222222222222214,0.02868292969163319,442.0,351.0,TGNOL
158,3.269234175957127,0.21755555555555553,0.1320800599598466,2028.0,1849.0,TGNOL
