MV_osmid,HBLD_kW/K,CBLD_MWh/K,PRT_MW,GEBF_m2,GAREA_m2,T_PROFILE
91,26.88939093153861,2.4595555555555557,0.7306145744358727,19092.0,3876.0,NABZUE
