MV_osmid,HBLD_kW/K,CBLD_MWh/K,PRT_MW,GEBF_m2,GAREA_m2,T_PROFILE
126,0.07327065263157896,0.0012222222222222224,0.0030276286120011217,44.0,44.0,NABZUE
177,160.46967734547658,11.371583333333334,7.390893040306649,111935.0,14238.0,NABZUE
192,206.88945144123412,15.762638888888889,7.327664242858395,139109.0,23039.0,NABZUE
