MV_osmid,HBLD_kW/K,CBLD_MWh/K,PRT_MW,GEBF_m2,GAREA_m2,T_PROFILE
13,0.01458606348156573,0.001111111111111111,0.0007277874341218266,10.0,7644.0,BAS
19,25.168941041371458,2.23975,0.6498369823250818,17519.0,8683.0,BAS
23,2.6640698452269547,0.24502777777777776,0.06847628634151602,1813.0,3052.0,BAS
41,50.85163043337805,4.538027777777779,1.2632585869912496,33079.0,7221.0,BAS
60,0.8020788113045279,0.07666666666666667,0.04337168608926255,558.0,13415.0,BAS
65,0.00769461325748349,0.0006944444444444445,0.00035046008568706083,5.0,90.0,BAS
