MV_osmid,HBLD_kW/K,CBLD_MWh/K,PRT_MW,GEBF_m2,GAREA_m2,T_PROFILE
34,35.83030951825801,2.6409444444444445,1.1234196714425022,25384.0,8076.0,GRA
65,21.87360919845443,1.5601944444444447,0.5982996872333389,14443.0,7262.0,GRA
106,1.2933266245260588,0.09822222222222222,0.043256913380981435,840.0,611.0,GRA
124,0.32386229989226434,0.03138888888888889,0.008291725205349234,226.0,138.0,GRA
