MV_osmid,HBLD_kW/K,CBLD_MWh/K,PRT_MW,GEBF_m2,GAREA_m2,T_PROFILE
119,185.54358789817212,15.308972222222222,5.505410345388913,132169.0,31713.0,NABZUE
128,240.33109677814403,22.186055555555555,12.801089002372777,170922.0,17668.0,NABZUE
