MV_osmid,HBLD_kW/K,CBLD_MWh/K,PRT_MW,GEBF_m2,GAREA_m2,T_PROFILE
22,2.3386870505494484,0.136,0.06637039090896905,1632.0,272.0,NABZUE
