MV_osmid,HBLD_kW/K,CBLD_MWh/K,PRT_MW,GEBF_m2,GAREA_m2,T_PROFILE
83,1975.2938458318595,159.00869444444444,61.52224391515647,1348397.0,253664.0,NABZUE
186,6.126585574048848,0.45863888888888893,0.16573896948329989,4181.0,900.0,NABZUE
191,346.85740447023335,26.950333333333333,9.976867914946009,233186.0,57945.0,NABZUE
