MV_osmid,HBLD_kW/K,CBLD_MWh/K,PRT_MW,GEBF_m2,GAREA_m2,T_PROFILE
41,18.16030983397799,1.4880277777777777,0.5907413187012974,12465.0,3232.0,NABZUE
149,6.468702675651934,0.5213333333333334,0.2020224828786572,4122.0,1120.0,NABZUE
185,0.013821538461538465,0.0006666666666666666,0.000604241399044852,8.0,8.0,NABZUE
