MV_osmid,HBLD_kW/K,CBLD_MWh/K,PRT_MW,GEBF_m2,GAREA_m2,T_PROFILE
98,87.84858213256942,5.152222222222222,4.595890065382003,60836.0,18851.0,NABBER
