MV_osmid,HBLD_kW/K,CBLD_MWh/K,PRT_MW,GEBF_m2,GAREA_m2,T_PROFILE
51,0.6775464305901049,0.049805555555555554,0.02397908352966816,455.0,455.0,WAE
98,16.95932452712757,1.3975,0.5281658973063192,12342.0,4907.0,WAE
103,8.55179317436715,0.4660833333333333,0.3944001253582424,5557.0,5557.0,HOE
143,50.828315988055344,3.4950277777777776,1.4502794755921333,30669.0,16377.0,WAE
148,66.03566396269949,4.626305555555556,1.6436689761843326,40371.0,14922.0,WAE
