MV_osmid,HBLD_kW/K,CBLD_MWh/K,PRT_MW,GEBF_m2,GAREA_m2,T_PROFILE
88,470.7006434493131,38.61177777777778,14.143782919625204,330900.0,100871.0,BAS
