MV_osmid,HBLD_kW/K,CBLD_MWh/K,PRT_MW,GEBF_m2,GAREA_m2,T_PROFILE
0,37.02932280112177,2.3493611111111115,1.4598578813239969,24709.0,18799.0,GRA
86,19.415825748717243,1.5505555555555555,0.8089299774679086,12914.0,9627.0,GRA
100,382.44791828521045,30.8755,12.109147104237856,256836.0,128798.0,GRA
