MV_osmid,HBLD_kW/K,CBLD_MWh/K,PRT_MW,GEBF_m2,GAREA_m2,T_PROFILE
107,5.35694776457817,0.3325555555555556,0.1971219844413282,3532.0,1561.0,SHA
