MV_osmid,HBLD_kW/K,CBLD_MWh/K,PRT_MW,GEBF_m2,GAREA_m2,T_PROFILE
30,4058.8483773999883,339.0153055555556,153.27068465258344,2805923.0,472421.0,NABZUE
93,138.21972964402335,10.872083333333334,5.565277486874542,96013.0,13161.0,NABZUE
