MV_osmid,HBLD_kW/K,CBLD_MWh/K,PRT_MW,GEBF_m2,GAREA_m2,T_PROFILE
72,549.7323258870439,41.650222222222226,16.146669103541132,373968.0,133962.0,BAS
78,345.39329654845267,26.717805555555554,9.973947966702724,235611.0,83864.0,BAS
121,63.786855514970625,4.442472222222222,1.7646868164613148,41951.0,17143.0,BAS
136,276.2303636841072,20.993166666666667,8.265505146167365,184548.0,65278.0,BAS
