MV_osmid,HBLD_kW/K,CBLD_MWh/K,PRT_MW,GEBF_m2,GAREA_m2,T_PROFILE
35,153.1600369439111,12.145222222222223,4.277550449294392,98902.0,39987.0,REH
96,20.006379354185746,1.7069166666666669,0.5829265057867777,13105.0,5840.0,NABZUE
121,7.695102168728496,0.4773888888888889,0.21954671411782448,4766.0,2936.0,NABZUE
122,0.37241928166220095,0.02016666666666666,0.010144259433000128,242.0,126.0,NABZUE
123,0.3170180662083198,0.01972222222222222,0.010292199319144244,206.0,133.0,NABZUE
