MV_osmid,HBLD_kW/K,CBLD_MWh/K,PRT_MW,GEBF_m2,GAREA_m2,T_PROFILE
105,93.4215965224908,7.392055555555555,4.277506126368941,61780.0,57615.0,BAS
