MV_osmid,HBLD_kW/K,CBLD_MWh/K,PRT_MW,GEBF_m2,GAREA_m2,T_PROFILE
61,4.40223444809308,0.351,0.12165412913468882,3072.0,512.0,NABZUE
94,20.506102596389283,1.4969722222222221,0.7954312740163019,13759.0,2983.0,NABZUE
97,13.283335959779988,1.1956944444444444,0.4115789924404688,9851.0,2276.0,NABZUE
102,80.63081531790675,6.306805555555556,2.277036986386366,55421.0,10326.0,NABZUE
103,108.09399295846079,8.97813888888889,3.0544358311002773,76345.0,15064.0,NABZUE
104,1261.0188071678758,102.51261111111111,37.13111680844837,885238.0,184976.0,NABZUE
