MV_osmid,HBLD_kW/K,CBLD_MWh/K,PRT_MW,GEBF_m2,GAREA_m2,T_PROFILE
43,38.17110449080412,3.0409444444444444,1.048346591706359,25954.0,8833.0,NABZUE
62,19.397645689583285,1.5807222222222221,0.5005201108303273,12886.0,3542.0,NABZUE
98,71.12917155596028,5.736833333333334,2.1755250723097723,49150.0,16818.0,NABZUE
