MV_osmid,HBLD_kW/K,CBLD_MWh/K,PRT_MW,GEBF_m2,GAREA_m2,T_PROFILE
7,568.5898592168083,45.90238888888889,17.275984473808546,388054.0,93417.0,NABZUE
