MV_osmid,HBLD_kW/K,CBLD_MWh/K,PRT_MW,GEBF_m2,GAREA_m2,T_PROFILE
100,365.4858587918165,29.75327777777778,10.256951396372209,251318.0,69478.0,BAS
130,165.17266380625816,11.825305555555557,4.550054935381066,110085.0,40122.0,BAS
