MV_osmid,HBLD_kW/K,CBLD_MWh/K,PRT_MW,GEBF_m2,GAREA_m2,T_PROFILE
91,805.8911779422956,68.31130555555556,32.5519435855931,534083.0,99664.0,NABZUE
93,248.45638644800175,20.40908333333333,8.936536596630317,166523.0,46401.0,NABZUE
