MV_osmid,HBLD_kW/K,CBLD_MWh/K,PRT_MW,GEBF_m2,GAREA_m2,T_PROFILE
75,297.5913813394583,24.5905,8.699884112159523,203014.0,74963.0,NABBER
99,18.156209442358044,1.6246111111111112,0.9059895494949863,11798.0,11798.0,BER
109,35.6602557195251,2.8868333333333336,1.0473081152686714,24152.0,9212.0,NABBER
