MV_osmid,HBLD_kW/K,CBLD_MWh/K,PRT_MW,GEBF_m2,GAREA_m2,T_PROFILE
32,91.54346537589255,6.823111111111111,2.9790848147135645,59306.0,22183.0,BAS
88,1.8697561936341205,0.10913888888888888,0.09761442485995543,1303.0,4601.0,BAS
