MV_osmid,HBLD_kW/K,CBLD_MWh/K,PRT_MW,GEBF_m2,GAREA_m2,T_PROFILE
18,41.005174217967024,2.9564166666666667,1.147961000820341,26217.0,12304.0,CHU
22,35.920823402437,2.667222222222222,1.1241695305468016,23760.0,12640.0,CHU
27,71.80454791494932,5.304555555555556,2.1410107239598686,47160.0,20954.0,CHU
28,59.33494116651317,4.090416666666666,1.7018892630877585,35979.0,18682.0,CHU
29,41.344251496694916,3.079916666666667,1.4866281982527814,27165.0,18661.0,VAB
31,2.570083660557741,0.18369444444444447,0.11456320547087921,1679.0,1614.0,VAB
54,0.3477965192382538,0.02677777777777778,0.014376490520014183,226.0,226.0,CHU
79,1.7186917212371124,0.12975,0.09910025870891453,1557.0,519.0,CHU
