MV_osmid,HBLD_kW/K,CBLD_MWh/K,PRT_MW,GEBF_m2,GAREA_m2,T_PROFILE
32,23.241392661888277,1.7763055555555556,0.6299091318252223,15637.0,7133.0,MMMOU
44,1.3511456293607695,0.08075,0.03928325490559508,833.0,492.0,MMMOU
66,23.88670878651148,2.1482222222222225,0.8505289172559524,16266.0,6637.0,MMMOU
