MV_osmid,HBLD_kW/K,CBLD_MWh/K,PRT_MW,GEBF_m2,GAREA_m2,T_PROFILE
75,162.56663290867783,13.187333333333333,4.934623848563243,110534.0,42109.0,NABBER
137,4.619441067501973,0.3344166666666667,0.16732706578546253,2979.0,2490.0,NABBER
138,185.86658176485585,16.13041666666667,5.914804101628761,127741.0,43661.0,NABBER
