MV_osmid,HBLD_kW/K,CBLD_MWh/K,PRT_MW,GEBF_m2,GAREA_m2,T_PROFILE
78,37.899371153015316,2.9875555555555557,1.1133036938586693,26434.0,8990.0,BAS
