MV_osmid,HBLD_kW/K,CBLD_MWh/K,PRT_MW,GEBF_m2,GAREA_m2,T_PROFILE
149,358.75170503934373,22.65877777777778,12.257112668140511,261194.0,103961.0,BAS
