MV_osmid,HBLD_kW/K,CBLD_MWh/K,PRT_MW,GEBF_m2,GAREA_m2,T_PROFILE
7,7.494117804273749,0.6027777777777779,0.16636608776302506,4340.0,1247.0,SHA
39,3.0018701933634975,0.17975,0.09395775339732867,1993.0,688.0,SHA
91,0.48279830487206,0.03916666666666667,0.02065499943283022,282.0,282.0,SHA
