MV_osmid,HBLD_kW/K,CBLD_MWh/K,PRT_MW,GEBF_m2,GAREA_m2,T_PROFILE
10,151.239788994992,11.798361111111111,5.96476785688809,98675.0,65339.0,BER
62,106.22043346417682,8.145138888888889,3.3121424071842136,69039.0,38585.0,BER
101,72.08437817876106,5.734944444444444,2.1762991625788493,49628.0,21057.0,BER
