MV_osmid,HBLD_kW/K,CBLD_MWh/K,PRT_MW,GEBF_m2,GAREA_m2,T_PROFILE
60,285.1833013210006,20.939555555555554,7.970625491577438,183724.0,75486.0,REH
63,577.6394685016583,45.17502777777778,16.834414717195845,391953.0,146489.0,REH
79,701.4965396193533,52.657583333333335,19.87715951484527,450923.0,183912.0,MMBIR
86,13.184663764215468,0.8241388888888889,0.5579344250340547,7929.0,7433.0,REH
113,14.850254819120334,0.8656111111111111,0.5544726544062661,8840.0,6260.0,REH
150,937.0219904111483,69.97419444444445,34.688592576927334,630957.0,319759.0,MMBIR
152,51.22303543055466,3.464,1.5362090893439309,32476.0,15809.0,REH
158,0.05874153846153847,0.002833333333333333,0.002101927079235635,34.0,34.0,REH
