MV_osmid,HBLD_kW/K,CBLD_MWh/K,PRT_MW,GEBF_m2,GAREA_m2,T_PROFILE
108,9.65462336337098,0.8144444444444444,0.40913999513639004,7000.0,4236.0,SHA
159,53.5516762978522,4.180777777777777,1.5191846381153273,37280.0,12236.0,SHA
