MV_osmid,HBLD_kW/K,CBLD_MWh/K,PRT_MW,GEBF_m2,GAREA_m2,T_PROFILE
3,3.3825379845496113,0.24325,0.1135913691966361,2089.0,1623.0,REH
9,148.35007548720876,9.234361111111111,3.80568216231149,86483.0,24343.0,REH
83,1.51193664868175,0.10108333333333334,0.06077581032873399,973.0,634.0,REH
146,55.490196955875405,3.586777777777778,1.4417783081623898,33824.0,6887.0,REH
