MV_osmid,HBLD_kW/K,CBLD_MWh/K,PRT_MW,GEBF_m2,GAREA_m2,T_PROFILE
41,282.30057017456903,22.078444444444447,8.971843256802964,194874.0,36225.0,NABZUE
116,14.949287458500313,1.0494722222222221,0.4694377630289026,9825.0,1850.0,NABZUE
149,4.7647882616892865,0.4618055555555556,0.1868562986709165,3325.0,475.0,NABZUE
