MV_osmid,HBLD_kW/K,CBLD_MWh/K,PRT_MW,GEBF_m2,GAREA_m2,T_PROFILE
160,215.40951711266882,18.667916666666667,5.684557466404203,147577.0,22792.0,GVE
