MV_osmid,HBLD_kW/K,CBLD_MWh/K,PRT_MW,GEBF_m2,GAREA_m2,T_PROFILE
3,1.8620237055139608,0.12477777777777778,0.06697732778230589,1220.0,900.0,MAG
95,0.2527320887559179,0.013583333333333333,0.007133237447477603,163.0,90.0,MAG
