MV_osmid,HBLD_kW/K,CBLD_MWh/K,PRT_MW,GEBF_m2,GAREA_m2,T_PROFILE
3,1.2020907414432984,0.15125,0.03676668934333245,1089.0,363.0,KLO
9,38.17277870657031,2.6063055555555557,1.0930667896415556,25285.0,12991.0,KLO
16,38.845928234388786,2.6184166666666666,0.9862648210741287,23985.0,12100.0,KLO
35,25.71210171149323,1.8112777777777778,0.6831825749628195,16570.0,8501.0,KLO
63,10.40939099902831,0.8633888888888889,0.32319236766091197,7238.0,4119.0,KLO
64,11.338701307539301,0.8681666666666666,0.29066669032763115,7422.0,3395.0,KLO
109,0.6117433148454585,0.042555555555555555,0.014964867685548387,372.0,268.0,KLO
