MV_osmid,HBLD_kW/K,CBLD_MWh/K,PRT_MW,GEBF_m2,GAREA_m2,T_PROFILE
58,12.852187742487024,0.9521111111111112,0.5078755223579801,11146.0,2242.0,BIE
67,12.694192195531288,1.2673333333333332,0.42520998131542975,10112.0,3798.0,BIE
108,18.655861872957114,1.9186111111111113,0.6699570682283611,13882.0,4232.0,BIE
121,1.5840162612414557,0.11691666666666667,0.06326916809542003,939.0,939.0,BIE
148,7.462215038056681,0.4637777777777778,0.32179898863065703,4322.0,4322.0,BIE
