MV_osmid,HBLD_kW/K,CBLD_MWh/K,PRT_MW,GEBF_m2,GAREA_m2,T_PROFILE
73,5.1485584646227975,0.29747222222222225,0.19504339702210557,3247.0,2407.0,MMBIR
87,6.481099778598161,0.56825,0.19208706316356383,4349.0,2204.0,MMBIR
97,1.856574845572835,0.10086111111111111,0.08668610988151627,1101.0,1101.0,MMBIR
