MV_osmid,HBLD_kW/K,CBLD_MWh/K,PRT_MW,GEBF_m2,GAREA_m2,T_PROFILE
42,10.58759322752334,0.6612222222222223,0.28534030807700156,6530.0,2989.0,GVE
46,19.275961325466117,1.360611111111111,0.5520695914191959,13372.0,2960.0,GVE
