MV_osmid,HBLD_kW/K,CBLD_MWh/K,PRT_MW,GEBF_m2,GAREA_m2,T_PROFILE
94,815.7481876385777,68.48744444444445,22.59654472795017,562794.0,83791.0,GVE
99,3148.7515257447967,255.6991388888889,107.7665425965166,2154343.0,404682.0,GVE
144,103.92897441773269,8.673666666666666,2.744393563505558,70632.0,9815.0,GVE
146,328.1721254009297,26.304472222222223,10.198633820557252,206289.0,34908.0,GVE
