MV_osmid,HBLD_kW/K,CBLD_MWh/K,PRT_MW,GEBF_m2,GAREA_m2,T_PROFILE
0,0.6391616785358528,0.03563888888888889,0.02028640976342956,413.0,227.0,BER
21,0.13696411598320613,0.0024722222222222224,0.00676013070848633,89.0,89.0,BER
23,66.57622626257266,4.884416666666667,2.011495076726956,44475.0,23452.0,BER
26,4.186447436074672,0.2826666666666667,0.1256518608603685,2736.0,1545.0,BER
32,3.831917402226778,0.22772222222222221,0.10888991847161252,2490.0,921.0,BER
37,34.946324486205775,2.746666666666667,1.1418473778428493,22960.0,16560.0,BER
93,7.501150969328595,0.47675,0.18840706294349557,4377.0,2349.0,BER
96,10.253853846153847,0.8243055555555556,0.2425013469604735,5935.0,2169.0,BER
166,0.04308983424190754,0.003333333333333333,0.002052287148067977,28.0,28.0,BER
