MV_osmid,HBLD_kW/K,CBLD_MWh/K,PRT_MW,GEBF_m2,GAREA_m2,T_PROFILE
20,1812.997959587179,146.64275,66.58429062681141,1248903.0,212404.0,GVE
43,725.299677797668,64.15777777777778,23.3716813351713,520552.0,130269.0,GVE
87,1728.5651170310414,146.5136388888889,64.8592406121344,1196467.0,304345.0,GVE
113,1871.788016967801,154.71394444444445,56.83994090209933,1268054.0,235508.0,GVE
115,317.922062089092,26.064833333333336,12.982084901450765,223512.0,75768.0,GVE
129,6.955026253744707,0.6735833333333334,0.21104126840954335,5113.0,2347.0,GVE
