MV_osmid,HBLD_kW/K,CBLD_MWh/K,PRT_MW,GEBF_m2,GAREA_m2,T_PROFILE
65,13.095458709216938,0.9416666666666668,0.34595832842284785,8236.0,3036.0,NABLAU
