MV_osmid,HBLD_kW/K,CBLD_MWh/K,PRT_MW,GEBF_m2,GAREA_m2,T_PROFILE
19,8.126038317259209,0.546,0.19443136814572995,5080.0,635.0,GVE
27,926.7944714280842,77.18430555555557,31.146670648680434,626191.0,114324.0,GVE
32,1452.5927158059442,120.81563888888888,41.251582978235824,1006011.0,178262.0,GVE
70,137.54790200590503,11.858777777777778,3.6434235743129055,93236.0,15020.0,GVE
74,82.15068966289424,6.210666666666667,2.4682542889148293,56516.0,11226.0,GVE
90,103.19933737605065,8.442638888888888,3.3102923629574126,71835.0,13923.0,GVE
91,7.9489565376211955,0.63975,0.2142469936490573,5547.0,765.0,GVE
