MV_osmid,HBLD_kW/K,CBLD_MWh/K,PRT_MW,GEBF_m2,GAREA_m2,T_PROFILE
0,0.9279703588525088,0.08375,0.037732152812460645,603.0,603.0,REH
10,96.98693137662158,7.605083333333334,2.905605738484152,65739.0,27230.0,REH
11,64.35633314168031,4.9295,1.9599978801465452,42994.0,18273.0,REH
19,8.961727569574414,0.6218333333333333,0.23813814791492574,5456.0,2498.0,REH
20,24.253797650895155,1.662111111111111,0.6670684365393813,15644.0,7001.0,REH
129,13.274444558797352,1.2791666666666668,0.3673923838821939,9210.0,2882.0,REH
130,5.989909230769231,0.47802777777777783,0.13694390722440453,3467.0,1767.0,REH
