MV_osmid,HBLD_kW/K,CBLD_MWh/K,PRT_MW,GEBF_m2,GAREA_m2,T_PROFILE
70,0.06309582871136461,0.005694444444444445,0.0030115439628465644,41.0,41.0,MMBIR
79,12.477574079752774,0.8935833333333334,0.40516785441919173,8541.0,3448.0,MMBIR
86,281.7127297417891,21.56341666666667,8.309221919142798,189023.0,84337.0,MMBIR
94,419.3318575258489,32.24472222222222,11.782139884317202,282044.0,125629.0,MMBIR
97,413.19619699096984,33.385,12.28308322150626,286090.0,86905.0,MMBIR
151,54.59376724676373,4.682333333333333,1.7173857838978965,38950.0,14917.0,MMBIR
154,715.3065439690438,58.67433333333334,22.20713045495149,499424.0,188832.0,MMBIR
155,43.54504852169437,3.3671388888888893,1.3027990295641234,30075.0,10876.0,MMBIR
