MV_osmid,HBLD_kW/K,CBLD_MWh/K,PRT_MW,GEBF_m2,GAREA_m2,T_PROFILE
10,0.8744442518032568,0.069,0.03734075876087,560.0,560.0,KLO
41,120.79154045443367,9.153777777777778,3.5926847988481114,79832.0,39358.0,KLO
75,0.4216648065100953,0.022833333333333327,0.02161085944840141,274.0,274.0,KLO
89,0.15235334249817312,0.00986111111111111,0.007131054335852756,99.0,99.0,KLO
96,3.259715914170041,0.2148611111111111,0.12709231091989512,1911.0,1714.0,KLO
127,1.5906511189398822,0.15416666666666667,0.03526552112635523,1110.0,377.0,REH
142,467.0497285633661,37.96897222222223,13.168329230870295,312931.0,118909.0,KLO
