MV_osmid,HBLD_kW/K,CBLD_MWh/K,PRT_MW,GEBF_m2,GAREA_m2,T_PROFILE
20,570.2365206814385,46.94627777777778,16.570440483704363,392288.0,101388.0,GVE
