MV_osmid,HBLD_kW/K,CBLD_MWh/K,PRT_MW,GEBF_m2,GAREA_m2,T_PROFILE
14,0.012311381211973584,0.0006666666666666666,0.0005353248567526314,8.0,8.0,BUS
