MV_osmid,HBLD_kW/K,CBLD_MWh/K,PRT_MW,GEBF_m2,GAREA_m2,T_PROFILE
13,4.796821904715208,0.33963888888888893,0.13424566174533753,3117.0,1542.0,MMBIR
79,230.4445379888072,18.157611111111112,6.518746947652776,157034.0,62133.0,MMBIR
95,129.72929569306427,10.272916666666667,3.5823750408188344,89003.0,35283.0,MMBIR
102,58.61416302264892,4.537222222222223,1.7048918409184104,41278.0,16227.0,MMBIR
