MV_osmid,HBLD_kW/K,CBLD_MWh/K,PRT_MW,GEBF_m2,GAREA_m2,T_PROFILE
54,47.37850480142132,2.7393333333333336,1.2867871866367944,28760.0,13087.0,PUY
58,1.1689853766584581,0.09372222222222223,0.03566668617954529,828.0,414.0,PUY
88,8.521110243543271,0.6374722222222223,0.22581398591919147,5655.0,2671.0,PUY
90,27.883651744625666,1.9310555555555557,0.7492631853168221,17322.0,7850.0,PUY
