MV_osmid,HBLD_kW/K,CBLD_MWh/K,PRT_MW,GEBF_m2,GAREA_m2,T_PROFILE
27,0.10772458560476886,0.005833333333333333,0.003183469682916847,70.0,35.0,SLFMU2
