MV_osmid,HBLD_kW/K,CBLD_MWh/K,PRT_MW,GEBF_m2,GAREA_m2,T_PROFILE
25,0.8763733019244718,0.06844444444444445,0.022039246603290857,568.0,328.0,LUG
29,57.62321320056517,4.322472222222222,1.6088802813909302,38375.0,17407.0,GEN
31,41.37490398161615,3.0449166666666665,1.1042300200510355,26997.0,12316.0,GEN
32,1.0286734977493457,0.035305555555555555,0.03872934887628573,651.0,403.0,GEN
112,14.841117401739776,0.8887777777777778,0.4559492437528058,9736.0,4983.0,GEN
