MV_osmid,HBLD_kW/K,CBLD_MWh/K,PRT_MW,GEBF_m2,GAREA_m2,T_PROFILE
26,48.59712869018313,4.897083333333334,2.7312248051317978,35259.0,11753.0,SBO
32,1.13726383945606,0.08730555555555555,0.03020110982472988,739.0,451.0,SBO
36,13.26866470314027,1.220361111111111,0.6525335898483827,9457.0,3571.0,SBO
37,30.26295533102272,2.4955555555555557,1.1655656812189839,23584.0,8242.0,SBO
38,1.4207420843216032,0.07927777777777777,0.05102789402608008,942.0,546.0,SBO
