MV_osmid,HBLD_kW/K,CBLD_MWh/K,PRT_MW,GEBF_m2,GAREA_m2,T_PROFILE
0,39.538442751649235,2.79075,1.128273493090623,26123.0,11358.0,GEN
3,87.41638663227624,6.307805555555555,2.4931389168470814,57309.0,27160.0,GEN
5,79.96625861355797,6.318444444444444,2.325543110507742,54704.0,22170.0,GEN
7,131.352333477554,10.605944444444445,3.7624920340707297,90738.0,36465.0,GEN
141,137.63677898565075,11.132138888888889,3.7728609137978775,92199.0,37945.0,GEN
