MV_osmid,HBLD_kW/K,CBLD_MWh/K,PRT_MW,GEBF_m2,GAREA_m2,T_PROFILE
0,9.54751532182712,0.6238611111111111,0.257398852681161,6129.0,2713.0,SLFMU2
54,1.0990597894736842,0.055,0.03047730622047226,660.0,220.0,SLFMU2
86,0.12773058007422594,0.011527777777777781,0.0029294190480440387,83.0,83.0,SLFMUN
89,0.5245512631578948,0.02625,0.013015862024903855,315.0,315.0,SLFMU2
