MV_osmid,HBLD_kW/K,CBLD_MWh/K,PRT_MW,GEBF_m2,GAREA_m2,T_PROFILE
69,63.23336989754088,3.9686111111111115,2.0288886447140095,41436.0,15183.0,LAC
78,41.26489030588601,2.666027777777778,1.131055750422857,24907.0,10651.0,LAC
81,226.18762642660928,16.968722222222222,6.669808617492796,149226.0,58629.0,LAC
138,149.38640621677717,11.975416666666668,4.903558167500145,102927.0,56101.0,LAC
152,8.568771481496864,0.5683611111111111,0.20611907365095886,5091.0,2096.0,LAC
