MV_osmid,HBLD_kW/K,CBLD_MWh/K,PRT_MW,GEBF_m2,GAREA_m2,T_PROFILE
9,15.015696152287257,1.154611111111111,0.47270475502666176,10024.0,5909.0,THU
12,47.27128250050878,3.3871666666666664,1.4177092904087065,30528.0,18869.0,THU
13,47.26891847153538,3.6799444444444447,1.4449678579098562,32266.0,16791.0,THU
16,32.29126697513449,2.12475,1.0216766289516537,21025.0,11756.0,THU
122,61.15150057427221,4.589472222222223,1.8418289070462286,40429.0,19362.0,THU
126,3.6819245140423313,0.19519444444444442,0.12031043448490811,2161.0,1693.0,THU
131,26.04191672931039,1.907361111111111,0.841416235642158,18211.0,9917.0,THU
147,3.380147367099773,0.2008888888888889,0.12680931958104527,2188.0,1715.0,THU
192,50.551163622037336,3.366888888888889,1.536549465505943,31902.0,18195.0,THU
