MV_osmid,HBLD_kW/K,CBLD_MWh/K,PRT_MW,GEBF_m2,GAREA_m2,T_PROFILE
27,190.67127487384707,13.126,6.788755499576449,126610.0,76262.0,LAC
68,699.5225678256941,53.261138888888894,23.65336880824976,486271.0,198618.0,LAC
