MV_osmid,HBLD_kW/K,CBLD_MWh/K,PRT_MW,GEBF_m2,GAREA_m2,T_PROFILE
6,165.29033556409743,12.812861111111111,4.92828077180899,109551.0,60679.0,THU
17,137.91340005522267,10.883361111111112,4.601585289469034,90425.0,60489.0,THU
27,83.24309691960778,6.289305555555556,2.597175491921935,55131.0,32702.0,THU
161,27.666434192788568,2.496166666666667,0.8396353304504797,18706.0,10755.0,THU
189,65.69681096046622,4.860444444444444,1.9403161796592954,42686.0,24062.0,THU
191,133.43222070617725,10.63575,4.066334276851786,88621.0,50561.0,THU
194,63.56507823164618,4.891527777777778,1.8872287487423602,42629.0,22659.0,THU
