MV_osmid,HBLD_kW/K,CBLD_MWh/K,PRT_MW,GEBF_m2,GAREA_m2,T_PROFILE
0,24.819242802750377,1.894,0.6938891314454271,16384.0,7609.0,SIO
1,14.749061825698183,1.132472222222222,0.43140077946836,9801.0,4981.0,SIO
138,18.647593525035735,1.217277777777778,0.6244233583657368,12660.0,5434.0,SIO
140,50.35942409661436,3.4891666666666663,1.3896258891799935,32288.0,15549.0,SIO
