MV_osmid,HBLD_kW/K,CBLD_MWh/K,PRT_MW,GEBF_m2,GAREA_m2,T_PROFILE
0,2.7001383757933017,0.1763611111111111,0.08855740780843169,1805.0,834.0,THU
3,1.5185225552938018,0.09055555555555556,0.04598140385499025,1036.0,416.0,THU
5,137.96307154860693,11.234555555555557,4.611100799716647,91050.0,53212.0,MMOBE
41,22.993909214184278,1.5059444444444443,0.732426992255048,14726.0,7030.0,THU
152,4.479803838506888,0.3349722222222222,0.20257828859093427,2911.0,2911.0,THU
