MV_osmid,HBLD_kW/K,CBLD_MWh/K,PRT_MW,GEBF_m2,GAREA_m2,T_PROFILE
10,38.99921460964264,2.795722222222222,1.4268460247158385,25972.0,17786.0,LAC
13,170.24503542842928,12.493944444444445,5.160946035870233,111092.0,53663.0,LAC
18,32.964655440425,2.5945833333333335,1.0053803977267464,22531.0,11558.0,LAC
88,12.428501744338195,0.7553333333333334,0.47215609010448223,7982.0,5166.0,LAC
92,0.1088446153846154,0.00875,0.0043588079329351945,63.0,63.0,LAC
94,26.093824010629234,1.8704166666666668,1.033302956636058,18209.0,12530.0,LAC
95,24.791632932338374,1.942222222222222,0.7759889101759759,16376.0,9666.0,LAC
101,12.646953439236892,0.8261388888888888,0.5375516117987112,7845.0,6415.0,LAC
102,7.58851742711958,0.5724444444444444,0.32488758517426597,4816.0,4426.0,LAC
